asset,day1_open_t,day1_close,day1_quote_volume_usd
KOUSDT,1785974400000,86.93,1209150.3648
RDDTUSDT,1785974400000,151.63,625318.6947
CSOPSAMSUNG2LUSDT,1786406400000,8.9,741770.7248
CSOPSKHYNIX2LUSDT,1786406400000,3.759,2141282.96936
DOSUSDT,1786406400000,0.3798,26963397.0821
KUAISHOUUSDT,1786406400000,5.52,1251988.8412
MEITUANUSDT,1786406400000,11.72,1094367.3606
HANMIUSDT,1786665600000,169.35,427696.8411
KODEX200USDT,1786665600000,75.31,674349.7406
LGELECTRONICSUSDT,1786665600000,153.1,698589.426
NAVERUSDT,1786665600000,162.52,1003849.5054
SAMSUNGEMUSDT,1786665600000,1055.79,1039924.0956
ZHONGJIUSDT,1786665600000,151.57,2524840.7098
GDXUSDT,1786924800000,92.45,721112.2199
LYTEUSDT,1786924800000,28.86,640124.8103
NETUSDT,1786924800000,307.4,290059.8868
SHOPUSDT,1786924800000,148.64,164208.2192
VSTUSDT,1786924800000,147.23,363590.0262
CXMTUSDT,1787011200000,8.33,13058779.4213
UNITREEUSDT,1787097600000,113.47,86152077.99
DJTUSDT,1787616000000,9.35,622408.0783
MRNAUSDT,1787616000000,157.37,10066102.3341
RAMUSDT,1787616000000,12.3,454010.8058
SKDDUSDT,1787616000000,10.59,379769.7362
SKUUUSDT,1787616000000,21.95,1220689.7347
IONQUSDT,1787875200000,39.42,399584.4806
MARAUSDT,1787875200000,10.72,517737.8714
MRKUSDT,1787875200000,148.19,283273.7731
PDDUSDT,1787875200000,85.97,770711.8462
TEMUSDT,1787875200000,63.55,759438.5232
牛来USDT,1788048000000,0.10154,318504542.31527
HK0625USDT,1788220800000,47.32,2780706.3249
MARSCOINUSDT,1788220800000,0.06654,115842628.89865
DDOGUSDT,1788307200000,220.33,546342.4436
GTLBUSDT,1788307200000,49.88,1563020.8719
MDBUSDT,1788307200000,382.8,565453.2346
NVDLUSDT,1788307200000,35.99,1634760.6909
TEAMUSDT,1788307200000,187.56,469152.427
TSLLUSDT,1788307200000,9.38,392026.8953
ZSUSDT,1788307200000,178.19,287807.875
GPROUSDT,1788393600000,1.456,3857175.49303
PONSUSDT,1788652800000,0.8504,142223034.5241
哈基米USDT,1788652800000,0.06135,72660091.4642
BYDUSDT,1788739200000,10.98,7524658.8375
HK0992USDT,1788739200000,32.31,1020873.8862
AGPUUSDT,1789689600000,12.33,1020709.2299
AMCUSDT,1789689600000,2.699,435232.17422
ANETUSDT,1789689600000,200.13,240846.806
APLDUSDT,1789689600000,27.98,317388.2457
CYPHUSDT,1789689600000,3.86,2532062.83984
HUTUSDT,1789689600000,98.89,1063695.1168
PATHUSDT,1789689600000,13.42,529557.7404
USDBRLUSDT,1789948800000,5.1204,2595780.035387
MOONSHOTUSDT,1790035200000,69.27,8993270.017
OURAUSDT,1790121600000,51.36,4619702.4676
CVNAUSDT,1790553600000,60.98,394821.6583
OKLOUSDT,1790553600000,37.35,595769.2674
RUMUSDT,1790553600000,8.04,237343.0695
TWSTUSDT,1790553600000,180.85,1021575.8111
XOMUSDT,1790553600000,163.61,223859.7326
ACNUSDT,1790640000000,177.76,558019.947
BWETUSDT,1790640000000,727.51,744373.1535
CRMLUSDT,1790640000000,7.397,870817.23129
MPUSDT,1790640000000,45.61,574648.3966
NKEUSDT,1790640000000,35.96,626041.1662
SECZUSDT,1790640000000,15.97,710362.5679
UNHUSDT,1790640000000,374.21,488366.7636
CTUSDT,1790812800000,0.4921,104841852.08229
AKAMUSDT,1791244800000,108.41,680041.1604
MCDUSDT,1791244800000,233.16,1663315.9459
USDEXUSDT,1791244800000,14.18,1321668.5345
VKTXUSDT,1791244800000,28.7,387965.189
