t,rate
1790812800000,4.635e-05
1790841600000,8.058e-05
1790870400000,7.96e-06
1790899200000,7.954e-05
1790928000000,7.519e-05
1790956800000,3.969e-05
1790985600000,-0.00014881
1791014400000,0.0001
1791043200000,0.0001
1791072000000,0.0001
1791100800000,-1.907e-05
1791129600000,5.002e-05
1791158400000,0.0001
1791187200000,2.393e-05
1791216000000,7.679e-05
1791244800000,0.0001
1791273600000,0.0001
1791302400000,0.0001
1791331200000,9.302e-05
1791360000000,3.221e-05
1791388800000,4.666e-05
1791417600000,-5.696e-05
1791446400000,-0.00012013
1791475200000,-9.988e-05
1791504000000,-0.00015458
1791532800000,-5.149e-05
1791561600000,1.637e-05
