t,o,h,l,c,v
1790812800000,0.39696,0.53185,0.39696,0.4921,217452227.0
1790899200000,0.49211,0.63928,0.45652,0.50286,405098958.0
1790985600000,0.50287,0.56074,0.46069,0.4853,108483419.0
1791072000000,0.48523,0.5093,0.47372,0.48313,48810181.0
1791158400000,0.48324,0.491,0.3888,0.3994,82602558.0
1791244800000,0.39945,0.40579,0.35654,0.36932,90433987.0
1791331200000,0.36926,0.40308,0.34297,0.37022,69316949.0
1791417600000,0.37025,0.3737,0.31075,0.31966,57336748.0
1791504000000,0.31966,0.33458,0.29577,0.31447,70345739.0
